{
  "feature_names": [
    "Usia",
    "Durasi_Sesi_Menit",
    "Frekuensi_Login_Mingguan",
    "Skor_Minat_Digital",
    "Pengeluaran_Digital_Bulanan_Ribu",
    "Kepuasan_Layanan",
    "Engagement_Score",
    "Jam_Login_Int",
    "Tipe_Lokasi_Co-working Space",
    "Tipe_Lokasi_Kampus",
    "Tipe_Lokasi_Mall",
    "Tipe_Lokasi_Perpustakaan",
    "Tipe_Lokasi_Warnet",
    "Jenis_Kelamin_Perempuan",
    "Merk_HP_Lenovo",
    "Merk_HP_Nokia",
    "Merk_HP_OnePlus",
    "Merk_HP_Oppo",
    "Merk_HP_Realme",
    "Merk_HP_Samsung",
    "Merk_HP_Vivo",
    "Merk_HP_Xiaomi",
    "Merk_HP_iPhone",
    "Minat_Digital_E-commerce",
    "Minat_Digital_Gaming",
    "Minat_Digital_Kesehatan Digital",
    "Minat_Digital_Keuangan Digital",
    "Minat_Digital_Pendidikan Online",
    "Minat_Digital_Social Media",
    "Minat_Digital_Streaming Video",
    "OS_Perangkat_iOS",
    "Segmen_HP_Mid-range",
    "Segmen_HP_Premium",
    "Status_Pekerjaan_Karyawan",
    "Status_Pekerjaan_Karyawan Part-time",
    "Status_Pekerjaan_Mahasiswa",
    "Status_Pekerjaan_Pelajar",
    "Status_Pekerjaan_Pensiun",
    "Status_Pekerjaan_Tidak Bekerja",
    "Status_Pekerjaan_Wirausaha",
    "Generasi_Gen Z",
    "Generasi_Milenial"
  ],
  "n_features": 42,
  "scaler_mean": [
    26.59425,
    118.180125,
    7.4735,
    6.835512500000001,
    227.35475,
    3.7425,
    0.3657734125,
    13.888375,
    0.114375,
    0.1555,
    0.200875,
    0.08,
    0.205,
    0.467125,
    0.01875,
    0.028375,
    0.010125,
    0.14875,
    0.080125,
    0.245125,
    0.098375,
    0.197375,
    0.152625,
    0.148625,
    0.201125,
    0.02075,
    0.0485,
    0.0945,
    0.2485,
    0.155625,
    0.152625,
    0.421875,
    0.281875,
    0.3385,
    0.0655,
    0.250875,
    0.044375,
    0.007875,
    0.0095,
    0.135875,
    0.709375,
    0.241375
  ],
  "scaler_scale": [
    8.46711975452692,
    72.0472635148926,
    4.044168363211403,
    1.7008285076231966,
    214.2901856185614,
    0.6964741560172926,
    0.11261953223954912,
    5.329063225312212,
    0.31826617692585557,
    0.3623806700142821,
    0.4006547570851992,
    0.2712931993250107,
    0.40370162248868907,
    0.4989180637890354,
    0.1356408400888169,
    0.16604173985778398,
    0.10011235875255362,
    0.3558418714822639,
    0.271486619145401,
    0.43016128879177395,
    0.2978210190282076,
    0.39801772495078663,
    0.3596256517199517,
    0.35571844115114415,
    0.40084128327182067,
    0.14254626441966128,
    0.21482027371735654,
    0.29252307601281646,
    0.4321432054307924,
    0.3624994612064962,
    0.3596256517199517,
    0.4938587696649721,
    0.44991275195864366,
    0.4731994822482375,
    0.2474060427717965,
    0.4335167059929756,
    0.20592683014847774,
    0.08839108764462625,
    0.09700386590234432,
    0.3426557811784299,
    0.4540507784103006,
    0.4279171758354647
  ],
  "numeric_cols": [
    "Usia",
    "Durasi_Sesi_Menit",
    "Frekuensi_Login_Mingguan",
    "Skor_Minat_Digital",
    "Pengeluaran_Digital_Bulanan_Ribu",
    "Kepuasan_Layanan",
    "Engagement_Score",
    "Jam_Login_Int"
  ],
  "label_map": {
    "0": "Aktif",
    "1": "Churn"
  }
}